Date,PM25,NO,NO2,NOx,SO2,CO,Ozone,RH,Temp,WD,SR
01-04-2020 00:00,32.21,8.27,1.17,8.19,8.73,0.73,16.57,67.52,NaN,154.94,283.76
02-04-2020 00:00,20.08,7.6,1.64,8.22,8.04,0.74,18.42,68.8,NaN,174.52,259.23
03-04-2020 00:00,12.82,7.58,1.83,8.43,7.37,0.73,16.27,67.83,NaN,159.07,250.1
04-04-2020 00:00,11.23,8.32,1.64,8.65,5.79,0.76,13.19,65.33,NaN,145.94,282.04
05-04-2020 00:00,16.1,7.69,1.47,8.18,2.54,0.76,10.89,71.29,NaN,152.4,260.81
06-04-2020 00:00,10.65,7.94,1.32,7.97,2.75,0.76,8.14,72.93,NaN,167.49,247.7
07-04-2020 00:00,6.44,8.12,1.45,8.23,3.83,0.74,8.24,72.68,NaN,178.06,203.24
08-04-2020 00:00,11.36,8.2,1.85,8.91,3.12,0.74,12.7,74.09,NaN,167.66,234.81
09-04-2020 00:00,5.14,8.29,1.56,8.61,2.77,0.76,10.59,75.93,NaN,175.46,168.12
10-04-2020 00:00,59.34,10.43,1.99,10.91,34.88,0.73,20.07,67.68,NaN,140.29,381.26
11-04-2020 00:00,7.82,9.99,1.17,9.3,34.55,0.76,8.02,68.06,NaN,151.37,274.85
12-04-2020 00:00,7.06,9.64,1.45,9.7,16.69,0.77,14.84,69.91,NaN,157.77,291.31
13-04-2020 00:00,9.37,9.2,2.18,10.69,17.22,0.75,17.16,68.98,NaN,169.31,302.77
14-04-2020 00:00,10.63,8.68,1.78,9.36,12.67,0.76,14.57,68.89,NaN,159.74,269.87
15-04-2020 00:00,9.56,8.81,1.65,9.31,8.62,0.74,14.59,66.9,NaN,167.83,287.85
16-04-2020 00:00,8.08,8.66,1.64,9.11,6.63,0.76,13.86,70.96,NaN,173.91,282.27
17-04-2020 00:00,6.24,8.08,1.51,8.55,6.58,0.76,14.63,70.62,NaN,171.66,251.94
18-04-2020 00:00,7.59,7.94,1.86,9.15,7.64,0.75,13.59,68.7,NaN,164.98,279.31
19-04-2020 00:00,3.79,8.2,1.3,8.25,5.62,0.76,14.51,69.36,NaN,153.93,281.78
20-04-2020 00:00,7.32,8.15,1.54,8.43,6.11,0.77,13.63,68.41,NaN,171,291.39
21-04-2020 00:00,3.11,8.47,1.41,8.91,6.13,0.76,16.69,65.24,NaN,168.88,294.35
22-04-2020 00:00,9.31,8.1,1.63,8.62,5.21,0.76,15.64,68.5,NaN,172.99,269.93
23-04-2020 00:00,5.56,7.92,1.54,8.11,5.99,0.77,14.91,74.23,NaN,171.37,277.98
24-04-2020 00:00,6.14,7.57,1.6,7.92,5.9,0.76,17.29,76.05,NaN,177.96,269
25-04-2020 00:00,4.98,7.69,1.96,8.64,3.18,0.77,19.81,72.75,NaN,176.23,236.64
26-04-2020 00:00,7.21,8.29,1.55,8.83,9.18,0.78,19.87,81.83,NaN,171.28,99.13
27-04-2020 00:00,6.99,8.7,1.49,9.06,5.9,0.76,16.97,77.16,NaN,178.01,221.61
28-04-2020 00:00,6.23,8.94,1.57,9.48,3.92,0.75,11.46,74.4,NaN,158.5,278.33
29-04-2020 00:00,8.58,8.16,1.91,9.25,5.19,0.76,29.65,62.48,NaN,213.09,253.78
30-04-2020 00:00,10.41,7.96,1.92,8.72,6.8,0.78,25.15,72.17,NaN,170.11,273.38
01-05-2020 00:00,13.42,8.26,1.82,9.14,4.43,0.79,31.43,69.43,NaN,178.53,266.72
02-05-2020 00:00,12.95,8.51,1.63,9.2,4.44,0.78,24.94,70.36,NaN,163.7,234.51
03-05-2020 00:00,8.92,7.91,1.64,8.33,6.28,0.75,22.98,69.51,NaN,166.08,269.51
04-05-2020 00:00,5.78,8.13,1.56,8.64,2.34,0.76,21.08,67.81,NaN,162.96,264.99
05-05-2020 00:00,6.48,8.39,1.66,9.31,3.75,0.76,20.93,67.84,NaN,161.94,254.03
06-05-2020 00:00,10.08,7.78,1.76,8.56,16.52,0.72,17.83,68.67,NaN,169.98,219.82
07-05-2020 00:00,6.8,7.62,2.02,8.67,3.07,0.75,11.39,67.71,NaN,163.57,209.59
08-05-2020 00:00,11.78,8.55,1.59,9.02,5.91,0.75,20.25,66.18,NaN,169.23,254.03
09-05-2020 00:00,8.73,8.05,1.57,8.58,1.67,0.71,11.44,67.98,NaN,165.6,274.78
10-05-2020 00:00,8.85,8.05,1.62,8.7,2.08,0.73,15.1,69.24,NaN,151.87,263.97
11-05-2020 00:00,6.89,7.78,1.66,8.79,4.13,0.7,14.03,71.08,NaN,129.71,243.22
12-05-2020 00:00,6.4,8.11,1.55,8.56,3.43,0.72,26.18,70.65,NaN,145.92,247.49
13-05-2020 00:00,9.75,8.27,1.58,8.74,3.36,0.72,20.02,66.19,NaN,178.97,278.06
14-05-2020 00:00,6.19,8.31,1.42,8.55,3.57,0.83,32.08,69.38,NaN,126.42,305.19
15-05-2020 00:00,11.18,8.52,2.01,9.33,4.25,0.92,25.04,68.95,NaN,68.33,274.73
16-05-2020 00:00,6.7,8.07,1.86,9.1,3.21,0.93,23.09,69.92,NaN,112.71,234.17
17-05-2020 00:00,4.72,7.89,1.89,8.91,3.37,0.94,24.43,68.47,NaN,171.51,203.84
18-05-2020 00:00,14.78,8.8,2.42,10.43,3.63,0.99,42.5,59.47,NaN,221.49,137.75
19-05-2020 00:00,17.5,9.04,2.25,10.27,2.99,1,54.5,54.86,NaN,253.94,221.27
20-05-2020 00:00,21.4,8.02,2.76,10.19,2.54,1.02,35.17,47.31,NaN,236.69,228.13
21-05-2020 00:00,20.14,8.32,2.5,10.26,10.61,0.96,43.07,52.44,NaN,198.18,289.15
22-05-2020 00:00,11.94,8.02,2.82,10.39,17.04,1,57.09,63.25,NaN,185.43,288.68
23-05-2020 00:00,18.28,7.99,2.58,9.83,15.26,0.98,42.5,72.33,NaN,174.84,261.3
24-05-2020 00:00,12.98,8.58,1.52,8.87,19.88,0.99,41,75.06,NaN,161.23,276.77
25-05-2020 00:00,16.18,8.58,1.88,8.91,12.06,0.94,43.23,74.49,NaN,163.23,238.58
26-05-2020 00:00,16.96,8.38,1.89,9.15,14.52,1.01,30.03,73.22,NaN,164.12,254.59
27-05-2020 00:00,12.44,8.25,2.37,9.14,15.18,0.99,22.06,74.72,NaN,171.9,249.83
28-05-2020 00:00,24.79,8.16,2.24,9.95,14.4,0.98,18.39,69.76,NaN,179.1,281.02
29-05-2020 00:00,23.25,8.42,2.2,9.25,14.1,1.02,57.9,58.91,NaN,181.05,298.8
30-05-2020 00:00,22.14,7.91,2.02,9.17,11.22,0.97,54.29,69.26,NaN,177.89,307.09
31-05-2020 00:00,8.84,8.04,2.13,9.41,12.98,0.99,52.39,69.48,NaN,176.28,282.29
01-06-2020 00:00,12.26,8.46,2.24,9.73,16.36,1.02,53.31,67.1,NaN,177.26,214.91
02-06-2020 00:00,10.68,8.61,2.08,9.9,14.28,0.99,51.63,63.8,NaN,181.48,263.3
03-06-2020 00:00,11.85,8.56,2.33,9.96,5.89,0.95,54.04,58.56,NaN,185.08,278.06
04-06-2020 00:00,11.13,8.39,2.21,9.86,6.78,0.97,48.57,63.69,NaN,185.54,270.22
05-06-2020 00:00,16.66,8.88,2.38,10.11,9.65,0.96,53.66,64.82,NaN,193.88,256.87
06-06-2020 00:00,16.43,8.08,2.65,10.14,8.77,0.98,62.29,67.2,NaN,190.01,187.15
07-06-2020 00:00,11.85,9.09,2.09,10.19,6.58,1,53,66.42,NaN,190.86,130.01
08-06-2020 00:00,18.14,8.5,2,9.49,10.72,1.1,49.56,56.72,NaN,197.23,231.31
09-06-2020 00:00,13.54,8.81,1.77,9.26,8.7,1.04,52.56,63.5,NaN,207.44,116.66
10-06-2020 00:00,23.58,9.65,1.69,10.46,11.23,1.03,41.03,62.61,NaN,229.94,55.92
11-06-2020 00:00,15.65,9.8,1.45,9.85,10.57,1.07,30.12,74.78,NaN,224.31,82.87
12-06-2020 00:00,11.25,10.18,4.14,13.75,10.56,1.02,40.03,63.95,NaN,222.65,164
13-06-2020 00:00,14.77,9.88,4.73,13.54,9.12,0.98,47.76,59.95,NaN,206.6,281.64
14-06-2020 00:00,14.1,9.31,1.58,9.96,5.73,1.01,43.14,63.51,NaN,208.3,240.76
15-06-2020 00:00,15.79,8.91,1.87,9.51,6.9,1.01,46.79,58.67,NaN,214.89,211.83
16-06-2020 00:00,16.01,10.36,8.69,18.63,2.76,1.03,47.5,68.26,NaN,191.49,227.27
17-06-2020 00:00,16.91,8.83,1.41,8.79,18.62,1.06,49.02,66.48,NaN,202.54,238.62
18-06-2020 00:00,18.79,8.99,2.08,10.01,23.07,1.05,43.82,63.58,NaN,210.04,172.34
19-06-2020 00:00,17.7,9.72,10.25,19.09,8.63,1.03,5.3,65.49,NaN,209.62,245.08
20-06-2020 00:00,10.89,8.26,1.95,9.15,7.25,0.97,4.99,66.69,NaN,217.41,97.08
21-06-2020 00:00,15.08,8.56,3.82,11.95,6.31,1.01,23.45,73.07,NaN,204.97,112.44
22-06-2020 00:00,21.14,9.09,3.5,12.23,7.95,0.99,48.47,65.9,NaN,223.65,199.8
23-06-2020 00:00,12.36,7.17,3,9.49,15.13,0.99,49.17,74.04,NaN,224.58,214.82
24-06-2020 00:00,17.79,5.34,3.79,8.31,9.9,0.98,63.02,77.53,NaN,186.57,268.55
25-06-2020 00:00,21.16,4.54,2.2,5.8,14.64,0.96,56.87,79.97,NaN,193.48,136.3
26-06-2020 00:00,22.88,4.78,2.11,6.05,7.8,0.95,62.28,80.25,NaN,179.17,265.67
27-06-2020 00:00,23.41,4.34,2.44,6.08,12,1.01,69.63,81.93,NaN,154.7,184.64
28-06-2020 00:00,28.89,5.3,3.6,7.84,8.97,0.95,49.85,84.53,NaN,188.06,153.52
29-06-2020 00:00,16.06,4.81,3.15,6.84,11.04,1.03,39.17,80.49,NaN,183.08,262.57
30-06-2020 00:00,21.08,5.12,3.15,7.09,14.8,0.97,42.27,78.43,NaN,210.88,258.43
01-07-2020 00:00,14.85,4.54,6.91,10.43,11.82,0.99,37.34,75.04,NaN,224.27,116.32
02-07-2020 00:00,15.3,3.03,11.11,12.97,4.77,1.03,31.55,81.06,NaN,206.89,109.32
03-07-2020 00:00,13.26,2.64,9.9,10.46,20.41,0.96,24.98,77.44,NaN,211.56,90.91
04-07-2020 00:00,13.58,2.97,9.6,10.82,7.3,0.96,3.73,86.69,NaN,203.23,148.35
05-07-2020 00:00,13.89,2.43,9.98,10.94,3.99,0.98,3.66,78,NaN,202.76,92.32
06-07-2020 00:00,16.8,2.47,11.14,12.25,3.61,1.02,17.26,68.39,NaN,204.81,139.05
07-07-2020 00:00,12.3,2.78,9.59,10.88,2.37,1.01,40.27,62.27,NaN,198.78,307.77
08-07-2020 00:00,14.92,2.75,8.8,9.66,2.43,0.97,39.03,66.15,NaN,206.89,282.12
09-07-2020 00:00,11.6,3.06,9.81,12.05,4.71,1.02,38.73,65.7,NaN,207.2,290.86
10-07-2020 00:00,9.88,2.78,10.73,13.34,13.84,0.99,31.79,79.02,NaN,225.1,146.82
11-07-2020 00:00,9.78,3.61,7.67,10.24,8.16,1.02,21.31,84.55,NaN,200.71,105.07
12-07-2020 00:00,16.95,3.48,7.03,9.83,8.31,0.97,17.07,74.08,NaN,211.26,291.79
13-07-2020 00:00,22.52,3.66,6.51,9.35,7.19,0.98,32.33,80.03,NaN,209.49,175.4
14-07-2020 00:00,20.07,4.1,6.33,9.63,5.05,1.01,43.22,77.43,NaN,167.79,79.92
15-07-2020 00:00,19.36,4.24,6.54,10.12,4.22,1.03,39.81,73.84,NaN,206.44,96.44
16-07-2020 00:00,24.5,4.53,6.99,10.9,5.15,1.04,32.18,74.77,NaN,213.74,54.58
17-07-2020 00:00,37.16,5.19,7.47,12.06,5.1,0.98,37.1,74.8,NaN,188.29,161.58
18-07-2020 00:00,31.93,4.02,7.05,10.24,5.95,0.99,36.86,71.87,NaN,210.71,75.23
19-07-2020 00:00,21.49,4.29,7.16,10.53,5.84,0.98,27.23,86.1,NaN,167.26,58.67
20-07-2020 00:00,25.48,3.97,6.38,9.52,3.51,0.98,24.78,73.43,NaN,186.88,289.49
21-07-2020 00:00,32.79,3.56,4.95,7.72,2.7,0.98,19.13,73.82,NaN,167.7,321.92
22-07-2020 00:00,28.37,4.28,4.77,8.33,1.88,0.95,39.85,71.27,NaN,182.58,214.59
23-07-2020 00:00,34.2,3.81,5.02,7.97,2.33,0.95,32.4,70.47,NaN,182.89,214.73
24-07-2020 00:00,26.86,3.62,5.55,8.47,2.43,0.98,31.03,71.36,NaN,192.37,191.76
25-07-2020 00:00,25.88,3.69,6.06,9,3.32,0.94,33.15,70.52,NaN,192.81,249.85
26-07-2020 00:00,27.87,2.81,5.58,7.33,5.63,0.99,19.55,69.25,NaN,200.62,263.66
27-07-2020 00:00,34.16,3.17,5.44,7.53,3.45,1.02,32.71,67.32,NaN,188.68,171.1
28-07-2020 00:00,27.53,3.76,5.93,8.73,6.87,1.07,29.58,73,NaN,230.78,175.66
29-07-2020 00:00,32.1,3.33,6.21,8.57,5.12,1.06,22.88,88.16,NaN,214.59,19
30-07-2020 00:00,34.29,3.2,6.27,8.64,2.4,1.03,36.3,75.39,NaN,206.15,49.34
31-07-2020 00:00,27.64,2.47,6.18,7.94,3.28,0.96,24.49,73.73,NaN,188.91,41.25
01-08-2020 00:00,31.13,3.74,5.65,8.54,4.49,0.99,26.29,74.54,NaN,225.13,22.37
02-08-2020 00:00,27.05,3.15,5.07,7.29,4.86,0.98,17.03,70.52,NaN,215.85,43.84
03-08-2020 00:00,22.06,3.63,5.72,8.52,8.6,1.13,23.58,75.14,NaN,218.08,15.05
04-08-2020 00:00,27.52,3.82,6.04,9.15,4.21,0.96,24.33,62.5,NaN,214.68,14.45
05-08-2020 00:00,36.91,4.72,5.56,9.08,6.93,1.01,22.35,61.47,NaN,204.4,20.81
06-08-2020 00:00,29.33,4.25,5.79,8.24,4,0.96,36.65,66.1,NaN,192.76,29.52
07-08-2020 00:00,25.71,2.83,6.25,7.67,1.72,0.93,35.9,67.18,NaN,187.16,26.47
08-08-2020 00:00,28.01,2.06,6.9,7.07,2.98,0.43,29.17,64.71,NaN,240.66,43.52
09-08-2020 00:00,22.73,2.26,6.63,7.62,3.75,0.41,15.07,77.37,NaN,206.16,14.08
10-08-2020 00:00,21.47,2.3,6.74,7.69,2.67,0.43,16.06,69.38,NaN,220.16,21.74
11-08-2020 00:00,28.71,2.57,6.34,7.5,2.94,0.54,23.75,68.07,NaN,214.23,26.89
12-08-2020 00:00,26.06,2.8,7.54,9.29,2.33,0.46,23.41,73.1,NaN,208.55,22.18
13-08-2020 00:00,27.49,2.35,7.53,8.83,2.27,0.46,25.65,62.36,NaN,240.19,20.41
14-08-2020 00:00,25.88,2.61,6.68,8.01,3.5,0.44,21.84,69.98,NaN,217.78,15.87
15-08-2020 00:00,24.96,1.99,4.59,5.04,2.34,0.4,18.88,65.07,NaN,206.45,15.02
16-08-2020 00:00,24,2.03,4.93,4.74,3.15,0.33,20.28,62.25,NaN,215.88,31.86
17-08-2020 00:00,31.84,1.88,4.88,5.22,1.53,0.4,32.57,64.25,NaN,197.26,22.34
18-08-2020 00:00,29.11,2.3,4.77,5.56,1.12,0.38,26.01,67.33,NaN,192.5,25.68
19-08-2020 00:00,26.7,2.24,3.8,4.67,7.25,0.41,39.55,64.53,NaN,225.9,22.81
20-08-2020 00:00,28.02,2.05,3.48,3.85,5.82,0.41,27.48,68.17,NaN,201.24,28.91
21-08-2020 00:00,28.1,1.96,3.43,3.76,4.41,0.42,32.02,70.1,NaN,180.62,49.15
22-08-2020 00:00,29.24,1.63,4.37,3.9,6.61,0.39,28.26,76.05,NaN,175.08,33.74
23-08-2020 00:00,30.18,2.37,4.07,4.38,5.72,0.4,31.27,75.34,NaN,187.54,25.42
24-08-2020 00:00,27.62,2.05,4.31,4.32,6.55,0.42,31.32,71.72,NaN,194.13,59.95
25-08-2020 00:00,30.15,2.22,3.71,4.17,7.17,0.41,21.99,78.5,NaN,155.1,21.24
26-08-2020 00:00,28.14,2.29,3.91,4.49,11.75,0.4,31.34,77.5,NaN,202.92,35.15
27-08-2020 00:00,30.11,3.49,6.2,8.45,13.59,0.45,42.5,69.43,NaN,179.28,43.69
28-08-2020 00:00,31.37,2.46,5.63,6.87,18.24,0.34,30.85,74.96,NaN,177.64,49.06
29-08-2020 00:00,28.55,2.87,4.78,6.57,6.3,0.36,19.47,75.48,NaN,185.25,48.78
30-08-2020 00:00,25.47,2.4,4.05,5.29,3.71,0.36,21.69,74.54,NaN,158.35,174.77
31-08-2020 00:00,27.09,3.17,3.81,5.39,4.78,0.33,30.06,70.69,NaN,154.9,206.72
01-09-2020 00:00,29.47,3.2,3.84,5.57,5.48,0.39,29.16,69.56,NaN,234.03,121.43
02-09-2020 00:00,28.43,3.61,3.44,5.37,2.76,0.39,33.46,72.48,NaN,158.6,119.77
03-09-2020 00:00,29.27,4.64,4.45,7.64,13.87,0.51,34.18,76.57,NaN,131.46,218.16
04-09-2020 00:00,26.9,4.96,4.81,8.48,12.96,0.45,24.83,74.72,NaN,112.68,156.72
05-09-2020 00:00,31.14,3.16,5.14,7.96,9.66,0.5,26.91,74.57,NaN,120.73,243.63
06-09-2020 00:00,26.21,2.99,5.17,7.8,NaN,0.49,30.94,75.12,NaN,171.91,206.5
07-09-2020 00:00,27.56,2.95,5.02,7.51,2.57,0.48,28.66,76.51,NaN,184.24,149.78
08-09-2020 00:00,26.88,2.78,6.8,9.32,3.01,0.55,32.8,68.47,NaN,198.76,208.89
09-09-2020 00:00,23.68,3.11,5.2,7.91,3.87,0.53,33.91,73.94,NaN,207.6,125.84
10-09-2020 00:00,27.47,3.15,5.47,8.1,4.6,0.58,27.82,73.36,NaN,204.46,92.44
11-09-2020 00:00,26.04,2.91,5.3,7.87,6.74,0.53,21.65,66.34,NaN,214.78,101.57
12-09-2020 00:00,26.26,5.15,9,13.22,7.51,0.5,17.58,70.04,NaN,218.11,86.56
13-09-2020 00:00,27.29,5.13,9.36,13.63,9.08,0.52,15.6,84.97,NaN,232.69,47.81
14-09-2020 00:00,23.85,6.12,9.85,15.73,6.51,0.57,17.16,76.31,NaN,251.77,80.56
15-09-2020 00:00,27.01,5.26,7.46,12.47,9.86,0.57,24.32,80.39,NaN,202.59,71.01
16-09-2020 00:00,26.82,3.89,7.28,10.85,3.71,0.51,29.28,75.33,NaN,211.44,102.76
17-09-2020 00:00,27.8,4.28,6.99,10.98,2.71,0.56,26.32,79.2,NaN,195.34,121.63
18-09-2020 00:00,30.68,6.39,6.62,12.8,4.84,0.65,23.17,74.34,NaN,235.46,92.87
19-09-2020 00:00,34.77,7.28,5.58,12.82,5.05,0.7,15.07,80.24,NaN,230.36,11.79
20-09-2020 00:00,31.17,4.71,6.18,10.86,4.49,0.48,15.63,73.52,NaN,212.49,53.77
21-09-2020 00:00,29.69,5.36,6.43,11.47,3.75,0.54,20.74,64.57,NaN,202.46,109.44
22-09-2020 00:00,30.24,5.19,8.54,13.5,3.64,0.49,19.45,65.71,NaN,198.13,230.1
23-09-2020 00:00,27.46,4.54,9.24,13.61,2.94,0.46,13.46,66.84,NaN,211.2,217.26
24-09-2020 00:00,20.32,4.1,6.63,10.42,3.27,0.48,15.57,66.89,NaN,202.31,231.11
25-09-2020 00:00,28.18,3.28,6.89,9.98,4.06,0.55,15.71,72.41,NaN,194.02,97.08
26-09-2020 00:00,27.75,3.41,5.42,8.52,3.51,0.54,14.02,70.8,NaN,212.3,143.44
27-09-2020 00:00,22.93,4.7,4.21,8.65,2.49,0.59,15.32,74.46,NaN,203.17,90.09
28-09-2020 00:00,24.38,4.44,5.14,9.14,2.86,0.54,18.01,73.5,NaN,211.47,162.52
29-09-2020 00:00,27.41,4.07,4.54,8.26,3.36,0.57,28.95,77.95,NaN,223.11,133.98
30-09-2020 00:00,29.02,4.39,5.25,9.4,4.41,0.56,26.59,77.64,NaN,250.94,93.33
01-10-2020 00:00,28.06,5.13,6.22,11.17,4.95,0.59,20.92,67.61,NaN,263.12,115.55
02-10-2020 00:00,28.64,4.13,6.12,9.99,4.88,0.55,35.53,66.62,NaN,206.11,170.1
03-10-2020 00:00,25.23,4.43,6.62,10.78,4.39,0.57,32.96,64.39,NaN,254.46,142.22
04-10-2020 00:00,25.3,4.69,18.46,23.03,4.34,0.58,25.36,60.72,NaN,264.34,122.74
05-10-2020 00:00,28.19,4.02,8.42,12.15,3.25,0.56,32.73,53.9,NaN,295.28,167.3
06-10-2020 00:00,32.13,3.42,7.33,10.38,1.83,0.55,49.8,62.18,NaN,209.31,162.96
07-10-2020 00:00,26.01,3.82,6.9,10.44,2.89,0.62,55.25,69.77,NaN,177.83,148.59
08-10-2020 00:00,24.35,4.24,15.35,19.28,3.71,0.57,48.96,73.56,NaN,164.89,130.61
09-10-2020 00:00,28.86,4.28,8.43,12.4,3.84,0.59,43.05,72.07,NaN,177.36,135.54
10-10-2020 00:00,30.99,4.4,6.93,11.06,4.31,0.59,37.42,75.21,NaN,172.98,83.86
11-10-2020 00:00,27.61,4.51,13.92,18.27,5.33,0.56,33.03,71.14,NaN,243.84,106.17
12-10-2020 00:00,27.75,4.1,7.43,11.3,5.27,0.59,32.14,73.11,NaN,225.1,115.42
13-10-2020 00:00,27.95,4.1,12.06,15.92,5.51,0.6,35.31,64.7,NaN,213.94,110.88
14-10-2020 00:00,26.05,4.38,20.35,24.36,5.46,0.57,42.88,51.17,NaN,203.93,167.39
15-10-2020 00:00,26,3.57,9.35,12.66,5.48,0.52,43.09,56.78,NaN,207.47,161.27
16-10-2020 00:00,28.61,3.78,5.62,8.86,5.95,0.51,47.88,72.65,NaN,147.79,142.82
17-10-2020 00:00,36.05,3.32,4.87,7.9,8.06,0.57,19.54,80.68,NaN,86.34,97.89
18-10-2020 00:00,31.27,5.04,6.36,11.17,4.56,0.68,10.82,87.43,NaN,225.61,20.67
19-10-2020 00:00,32.99,5.52,6.51,11.77,5.55,0.6,9.92,77.34,NaN,189.02,117.14
20-10-2020 00:00,34.41,4.98,7.34,12.03,5.97,0.67,8.02,84.1,NaN,178.95,39.89
21-10-2020 00:00,31.01,7.06,7.87,14.68,7.6,0.72,6.96,81.7,NaN,252.01,76.48
22-10-2020 00:00,32.68,8.99,17.3,26.25,6.65,0.66,21.69,80.34,NaN,219.32,77.98
23-10-2020 00:00,35.78,4.62,8.14,12.54,7.84,0.64,30.51,77.14,NaN,230.16,87.99
24-10-2020 00:00,31.56,5.46,10.2,15.3,7.71,0.73,25.71,76.65,NaN,252.74,84.38
25-10-2020 00:00,23.99,5.37,6.38,11.41,3.53,0.68,27.09,79.99,NaN,185.51,79.02
26-10-2020 00:00,30.74,4.11,5.34,9.19,6.36,0.61,33.52,77.39,NaN,157.53,80.55
27-10-2020 00:00,32.41,4.65,6.71,11,5.98,0.6,25.98,80.03,NaN,190.75,60.24
28-10-2020 00:00,32.38,4.78,11.52,16.1,6.34,0.63,26.8,83.38,NaN,144.95,52.02
29-10-2020 00:00,35.18,4.77,10.15,14.77,8.35,0.69,15.77,86.43,NaN,195.13,36.57
30-10-2020 00:00,29.95,4.44,9.95,14.01,9.08,0.68,38.97,71.62,NaN,173.44,115.08
31-10-2020 00:00,29.74,6.19,10.16,15.72,9.19,0.89,17.59,83.02,NaN,159.49,0.18
01-11-2020 00:00,30.1,6.38,6.86,13.1,9.07,0.62,48.49,79.37,NaN,180.63,83.08
02-11-2020 00:00,30.4,4.58,6.76,11.07,7.19,0.64,38.74,79.59,NaN,175.24,78.75
03-11-2020 00:00,39.98,5.14,5.6,10.51,2.27,0.56,38.36,79.04,NaN,117.22,76.97
04-11-2020 00:00,40.02,5.44,4.76,10.05,2.28,0.66,19.21,86.63,NaN,159.09,57.76
05-11-2020 00:00,40.01,5.02,4.42,9.08,2.27,0.56,17.75,82.59,NaN,121.49,80.08
06-11-2020 00:00,40.21,5.45,4.39,9.58,2.27,0.52,15.5,82.25,NaN,118.35,78.68
07-11-2020 00:00,40.18,6.43,4.25,10.6,2.26,0.59,11.66,89.92,NaN,144.67,70.58
08-11-2020 00:00,32.16,4.49,5.04,9.34,3.82,0.48,50.16,76.95,NaN,100.29,79.81
09-11-2020 00:00,23.98,4.02,10.51,14.2,5.47,0.6,56.15,66.74,NaN,85.29,80.51
10-11-2020 00:00,23.95,5.48,13.54,18.87,5.43,0.55,58.47,66.79,NaN,112.98,69.26
11-11-2020 00:00,28.77,3.8,9.45,13.02,5.8,0.62,42.19,81.13,NaN,171.08,45.95
12-11-2020 00:00,37.18,5.95,7.91,13.71,6.37,0.57,11.59,91.73,NaN,117.56,32.64
13-11-2020 00:00,28.72,4.75,6.36,10.73,7.05,0.5,19.01,85.56,NaN,42.36,60.66
14-11-2020 00:00,33.31,9.69,14.68,24.19,29.87,1.12,18.87,76.08,NaN,31.27,67.46
15-11-2020 00:00,22.27,10.79,18.38,29.2,19.6,1.31,17.47,89.51,NaN,67.01,50.39
16-11-2020 00:00,20.71,7.02,5.14,10.98,6.9,0.61,15.18,90.26,NaN,123.6,32.12
17-11-2020 00:00,28.82,5.26,6.63,11.4,3.36,0.51,21.28,88.37,NaN,111.48,60.18
18-11-2020 00:00,30.78,5.22,4.99,9.49,3.41,0.51,13.08,87,NaN,130.34,58.04
19-11-2020 00:00,24.27,3.95,5.36,8.85,3.66,0.47,19.58,82.38,NaN,43.74,58.04
20-11-2020 00:00,28.47,6.1,5.82,11.52,3.47,0.53,15.83,79.41,NaN,123.71,48.28
21-11-2020 00:00,33.46,6.47,11.41,17.36,3.51,0.54,19.2,74.54,NaN,149.91,46.59
22-11-2020 00:00,42.34,7.21,6.28,12.88,5.72,0.55,23.21,75.06,NaN,145.13,61.19
23-11-2020 00:00,42.8,5.19,6.75,10.06,9.39,0.53,28.58,80.39,NaN,115.24,70.89
24-11-2020 00:00,36.9,6.73,4.8,9.16,4.96,0.53,45.91,92.94,NaN,111.44,24.25
25-11-2020 00:00,27.18,7.92,3.78,8.99,4.57,0.42,43.37,92.42,NaN,108.02,10.04
26-11-2020 00:00,21.25,6.63,4.99,8.73,3.36,0.45,51.19,89.88,NaN,158.13,41.62
27-11-2020 00:00,35.48,8.42,13.97,22.04,5.86,0.61,105.96,80.13,NaN,219.1,66.42
28-11-2020 00:00,11.52,13.77,18.14,31.9,6.32,0.61,24.38,83.69,NaN,135.02,55.85
29-11-2020 00:00,25.96,3.03,21.04,22.06,3.81,0.46,56.74,87.05,NaN,139.64,46.98
30-11-2020 00:00,16.24,1.23,14.57,15.79,5.54,0.49,73.42,86.68,NaN,112.34,72.58
01-12-2020 00:00,24.57,1.88,20.23,22.12,10.23,0.49,35.12,81.32,NaN,125.62,64.48
02-12-2020 00:00,36.97,0.35,16.11,16.46,12.07,0.54,3.89,88.8,NaN,113.76,23.68
03-12-2020 00:00,4.88,1.7,12.24,13.94,10.26,0.49,8.31,95.63,NaN,40.19,43.53
04-12-2020 00:00,8.98,1.35,10.97,12.33,12.86,0.47,4.45,95.77,NaN,34.6,23.75
05-12-2020 00:00,12.67,2.79,18.88,21.67,12.85,0.51,5.78,94.13,NaN,63.76,43.24
06-12-2020 00:00,7.36,0.41,4.52,4.89,14.13,0.43,7.85,89.3,NaN,46.7,62.02
07-12-2020 00:00,12.67,5.35,7.22,12.57,9.78,0.5,5.2,92.03,NaN,99.61,66.93
08-12-2020 00:00,12.99,6.29,10.11,16.39,11.56,0.56,6.3,89.92,NaN,103.69,55.4
09-12-2020 00:00,24.79,4.05,19.01,23.05,7.87,0.54,5.25,86.89,NaN,79.91,71.25
10-12-2020 00:00,34.45,8.12,18.07,26.19,19.83,0.57,6.3,79.84,NaN,168.04,53.39
11-12-2020 00:00,50.17,12.64,22.56,35.2,29.82,0.69,8.65,79.96,NaN,178.81,67.98
12-12-2020 00:00,59.15,9.9,21.89,31.79,23.02,0.65,12.75,77.78,NaN,186.61,56.15
13-12-2020 00:00,50.86,5.65,15.59,21.23,11.23,0.55,6.98,80.36,NaN,102.8,60.27
14-12-2020 00:00,40.44,5.4,15.7,21.09,15.03,0.55,9.87,76.42,NaN,116.92,50.96
15-12-2020 00:00,39.01,3,14.35,17.35,16.46,0.5,9.92,76.77,NaN,123.14,58.39
16-12-2020 00:00,40.56,0.67,10.41,11.08,12.02,0.49,11.47,82.67,NaN,34.56,53.57
17-12-2020 00:00,30.6,0.66,13.67,14.32,7.09,0.49,22.43,81.16,NaN,38.02,66.89
18-12-2020 00:00,37.33,0.68,16.12,16.81,10.65,0.44,24.08,77.71,NaN,38.07,68.94
19-12-2020 00:00,47.1,0.47,13.83,14.3,10.46,0.44,19.32,74.91,NaN,36.79,58.74
20-12-2020 00:00,43.07,0.34,14.51,14.85,10.78,0.49,33.3,64.99,NaN,33.77,65.77
21-12-2020 00:00,44.84,0.71,18.63,19.34,13.03,0.5,32.24,62.22,NaN,58.37,71.85
22-12-2020 00:00,52.94,2.28,21.72,24,15.1,0.55,21.97,70.94,NaN,156.39,71.4
23-12-2020 00:00,51.99,4.86,17.58,22.45,19.56,0.54,24.34,73.14,NaN,154.06,65.51
24-12-2020 00:00,64.15,4.54,16.17,20.71,17.65,0.6,18.89,71.93,NaN,110.07,61.94
25-12-2020 00:00,21.7,4.76,13.95,18.7,18.11,0.57,18.2,73.8,NaN,131.4,57.32
26-12-2020 00:00,19.99,2.48,17.49,19.97,19.98,0.62,18.57,73.66,NaN,150.73,61.48
27-12-2020 00:00,19.9,0.89,14.91,15.8,21.59,0.55,22.1,78.49,NaN,133.58,66.81
28-12-2020 00:00,27.41,1.06,16.12,17.18,23.35,0.54,24.2,74.22,NaN,150.54,63.75
29-12-2020 00:00,53.79,0.35,12.87,13.22,22.93,0.5,30.47,76.29,NaN,61.08,83.74
30-12-2020 00:00,33.54,1.16,12.17,13.33,22.33,0.52,28.2,80.36,NaN,45.08,68.99
31-12-2020 00:00,31.38,0.19,7.7,7.89,23.54,0.42,29.41,75.15,NaN,39.44,64.61
01-01-2021 00:00,39.08,0.39,8.98,9.37,24.87,0.48,28.57,71.69,NaN,51.76,72.72
02-01-2021 00:00,37.73,0.51,15.15,15.66,24.73,0.54,20.98,86.13,NaN,87.63,26.32
03-01-2021 00:00,32.69,0.37,9.42,9.79,23.82,0.52,12.67,85.47,NaN,72.54,43.12
04-01-2021 00:00,42.69,1.09,10.91,12,24.81,0.59,14.29,82.78,NaN,58.93,68.59
05-01-2021 00:00,10.97,11.55,20.61,32.16,24.66,0.59,7.15,93.15,NaN,135.53,6.86
06-01-2021 00:00,5.4,8,11.69,19.68,23.86,0.54,6.8,92.27,NaN,94.95,52.05
07-01-2021 00:00,14.7,8.78,13,21.69,25.42,0.58,5.6,90.95,NaN,180.41,65.38
08-01-2021 00:00,52.11,11.44,10.8,22.24,25.02,0.6,5.84,90.79,NaN,85.1,70.54
09-01-2021 00:00,124.13,6.89,11.66,18.54,21.58,0.53,7.62,88.12,NaN,82.61,71
10-01-2021 00:00,121.85,3.62,11.35,14.96,22.23,0.51,10.27,85.93,NaN,55.39,83.19
11-01-2021 00:00,50.98,0.73,11.92,12.65,19.76,0.49,12.38,85.41,NaN,23.98,78.71
12-01-2021 00:00,29.6,0.61,13.1,13.71,22.46,0.5,10.03,85.47,NaN,23.85,68.97
13-01-2021 00:00,51.16,2.09,18.88,20.46,27.23,0.6,7.62,85.56,NaN,57.68,94.31
14-01-2021 00:00,38.77,0.21,8.48,8.39,20.53,0.52,15.26,84.39,NaN,45.8,73.75
15-01-2021 00:00,42.52,1.75,9.6,11.35,22.39,0.57,17.22,80.68,NaN,149.01,83.08
16-01-2021 00:00,31,1.83,8.78,10.61,21.2,0.49,14.59,79.75,NaN,118.4,89.03
17-01-2021 00:00,20.83,7.08,8.56,15.63,22.11,0.47,10.24,72.5,NaN,118.74,80.54
18-01-2021 00:00,25.53,6.39,10.04,16.42,25.23,0.51,10.27,72.31,NaN,120.02,74.74
19-01-2021 00:00,36.04,1.76,12.53,14.29,27.25,0.5,17.77,72.6,NaN,75.33,90.2
20-01-2021 00:00,45.72,0.91,15.96,16.86,28.45,0.54,9.46,81.29,NaN,69.1,94.06
21-01-2021 00:00,32.32,7.04,10.81,17.85,26.91,0.54,6.78,86.03,NaN,150.4,82.74
22-01-2021 00:00,17.07,6.43,8.44,14.87,25.88,0.52,3.49,83.68,NaN,117.58,93.7
23-01-2021 00:00,15.95,4.32,8.29,12.61,24.9,0.5,4.93,80.04,NaN,97.92,78.58
24-01-2021 00:00,31.16,1.84,10.94,12.79,25.42,0.5,10.55,70.73,NaN,88.84,125.95
25-01-2021 00:00,24.04,6.98,10.09,17.07,26.01,0.56,8.41,74.62,NaN,104.35,100.99
26-01-2021 00:00,26.27,5.24,10.1,15.33,26.39,0.5,11.64,72.59,NaN,96.68,100.79
27-01-2021 00:00,46.41,3.75,13.02,16.86,25.18,0.51,12.65,73.11,NaN,155.6,106.14
28-01-2021 00:00,54.32,4.08,11.51,15.59,26.89,0.59,18.77,75.4,NaN,130.71,88.58
29-01-2021 00:00,50.23,0.15,9.38,8.13,25.86,0.52,26.04,72.4,NaN,40.76,108.87
30-01-2021 00:00,44.4,2.47,9.18,9.35,24.87,0.56,23.9,75.75,NaN,61.31,105.5
31-01-2021 00:00,29.25,1.1,8.26,9.35,23.86,0.54,18.04,76.37,NaN,100.1,95.22
01-02-2021 00:00,22.68,2.22,11.97,13.78,25.33,0.49,18.18,71.84,NaN,79.95,111.53
02-02-2021 00:00,45.13,6.8,13.3,16.52,26.3,0.52,25.97,72.78,NaN,60.67,115.75
03-02-2021 00:00,30.6,0.5,12.72,12.23,25.51,0.47,31.23,65.6,NaN,40.35,122.83
04-02-2021 00:00,31.19,5.94,13.33,19.27,27.9,0.45,23.69,65.04,NaN,112.12,114.61
05-02-2021 00:00,35.19,3.66,15.29,18.95,32.44,0.45,26.37,64.31,NaN,62.35,110.46
06-02-2021 00:00,33.88,5.51,14.2,19.71,29.57,0.49,24.53,68.04,NaN,98.4,128.75
07-02-2021 00:00,34.82,6.25,18.31,24.57,37.18,0.54,18.42,68.4,NaN,144.46,115.85
08-02-2021 00:00,25.96,0.14,NaN,0.06,31.86,0.46,24.77,67.58,NaN,75.9,125.97
09-02-2021 00:00,32.51,0.01,0.02,0,30.52,0.52,35.83,58.35,NaN,44.13,130.73
10-02-2021 00:00,36.14,0.01,0.02,0,34.43,0.48,23.48,63.13,NaN,121.05,127.76
11-02-2021 00:00,71.68,0.01,0.02,0.01,32.61,0.5,17.46,64.16,NaN,144.75,127.28
12-02-2021 00:00,19.81,4.46,10.24,14.66,4.71,0.48,14.85,60.54,NaN,127.98,126.45
13-02-2021 00:00,22.86,4.44,10.23,14.7,6,0.53,14.88,69.39,NaN,159.33,135.25
14-02-2021 00:00,17.44,4.46,10.19,14.71,11.64,0.49,13.79,71.32,NaN,164.95,150.55
15-02-2021 00:00,18.33,4.45,10.25,14.7,7.22,0.54,10.33,73.08,NaN,150.39,128.01
16-02-2021 00:00,24.95,4.43,10.27,14.7,8.34,0.56,12.29,71.73,NaN,157.74,146.74
17-02-2021 00:00,41.2,4.4,10.21,14.7,5.58,0.57,18.92,71.75,NaN,87.06,145.41
18-02-2021 00:00,36.52,4.46,10.22,14.69,4.26,0.55,26.65,67.95,NaN,42.07,144.21
19-02-2021 00:00,32.99,4.47,10.24,14.63,6.97,0.47,25.89,77.16,NaN,112.75,154.23
20-02-2021 00:00,14.95,4.47,10.23,14.67,6.71,0.46,37.8,77.66,NaN,62.98,129.63
21-02-2021 00:00,7.53,4.44,10.2,14.67,4.66,0.59,29.1,75.71,NaN,45.92,90.49
22-02-2021 00:00,15.38,4.44,10.21,14.68,6.98,0.47,28.86,76.05,NaN,62.65,166.21
23-02-2021 00:00,21.37,4.42,10.25,14.68,11.53,0.6,30.23,76.73,NaN,118.31,153.75
24-02-2021 00:00,31.16,4.73,9.67,15.21,9.48,0.39,16.42,73.94,NaN,158.9,154.06
25-02-2021 00:00,25.91,2.71,6.61,11.14,4.85,0.42,22.49,73.87,NaN,162.94,170.79
26-02-2021 00:00,30.84,1.73,3.74,5.47,NaN,0.54,13.94,74.24,NaN,165.03,167.74
27-02-2021 00:00,27.38,1.73,3.74,5.47,NaN,0.54,9.06,72.97,NaN,173.48,174.82
28-02-2021 00:00,21.88,1.72,3.74,5.46,NaN,0.53,60.57,75.67,NaN,168.56,165.84
01-03-2021 00:00,19.58,3.15,7.28,10.4,8.7,0.51,21.15,72.47,NaN,166.05,166.06
02-03-2021 00:00,31.96,4.46,10.22,14.67,8.7,0.58,45.23,68.61,NaN,183.79,156.63
03-03-2021 00:00,42.87,4.46,10.24,14.68,8.7,0.57,9.24,66.49,NaN,144.06,214.4
04-03-2021 00:00,32.52,4.45,10.22,14.7,8.71,0.55,7.51,68.42,NaN,141.92,194.41
05-03-2021 00:00,28.91,4.46,10.22,14.7,8.7,0.58,6.43,67.96,NaN,168.51,176.68
06-03-2021 00:00,28.39,4.47,10.24,14.64,8.69,0.52,20.72,72.63,NaN,193.94,197.25
07-03-2021 00:00,32.34,4.44,10.2,14.67,8.73,0.44,13.85,72.83,NaN,159.36,177.22
08-03-2021 00:00,16.94,4.46,10.25,14.69,8.71,0.41,40.01,73.05,NaN,115.37,198.01
09-03-2021 00:00,10.54,4.43,10.23,14.67,8.71,0.48,100.51,73.39,NaN,103.57,204.57
10-03-2021 00:00,13.22,4.44,10.22,14.66,8.68,0.47,92.13,74.5,NaN,107.57,182.59
11-03-2021 00:00,14.06,4.44,10.2,14.69,8.74,0.52,16.66,67.88,NaN,146.4,175.96
12-03-2021 00:00,20.05,4.45,10.21,14.68,8.75,0.45,21.15,67.98,NaN,159.5,204.23
13-03-2021 00:00,16.4,4.43,10.22,14.7,8.7,0.47,22.63,69.25,NaN,141.03,180.85
14-03-2021 00:00,16.28,4.44,10.26,14.69,8.69,0.5,19.31,65.78,NaN,131.75,188.43
15-03-2021 00:00,13.98,4.46,10.25,14.69,8.65,0.46,16.54,71.04,NaN,140.44,220.61
16-03-2021 00:00,18.38,4.44,10.24,14.67,8.72,0.52,14.62,76.68,NaN,167.05,192.86
17-03-2021 00:00,15.72,4.45,10.25,14.64,8.69,0.54,15.56,74.06,NaN,175.58,155.89
18-03-2021 00:00,25.47,4.44,10.22,14.69,NaN,0.56,18.95,72.25,NaN,108.59,167.03
19-03-2021 00:00,48.31,2.77,6.16,8.92,NaN,0.6,16.36,68.31,NaN,140.07,201.16
20-03-2021 00:00,54.52,1.71,3.74,5.45,NaN,0.56,18.68,73.09,NaN,167.54,220.01
21-03-2021 00:00,41.58,1.72,3.75,5.47,NaN,0.57,9.73,70.67,NaN,137.03,176.81
22-03-2021 00:00,44.41,1.74,3.74,5.49,NaN,0.54,13.93,69.53,NaN,137.46,191.49
23-03-2021 00:00,62.47,1.76,3.74,5.5,NaN,0.58,22.1,71.03,NaN,97.76,212.14
24-03-2021 00:00,57.06,1.76,3.74,5.5,NaN,0.58,32.15,72.8,NaN,103.52,172.57
25-03-2021 00:00,105.51,1.69,3.73,5.43,NaN,0.59,11.68,72.23,NaN,141.85,211.67
26-03-2021 00:00,33.05,1.71,3.74,5.45,NaN,0.59,16.14,73.49,NaN,136.94,183.79
27-03-2021 00:00,24.95,1.73,3.74,5.47,1.28,0.57,16.56,71.47,NaN,159.58,129.35
28-03-2021 00:00,13.35,1.74,3.74,5.48,1.38,0.66,23.94,72.33,NaN,170.71,162.47
29-03-2021 00:00,4.74,1.72,3.74,5.47,2.09,0.62,19.76,74.66,NaN,182.41,166.87
30-03-2021 00:00,5.98,1.78,3.74,5.53,2.69,0.65,26.55,69.26,NaN,189.58,191.15
31-03-2021 00:00,3.41,1.23,3.73,4.95,6.54,0.58,23.65,71.01,NaN,180.44,200.19
01-04-2021 00:00,6.13,1.67,3.8,5.47,5.21,0.57,18.11,80.3,NaN,192.11,NaN
